{"inputUnits":[34],"outputUnits":1,"inputs":{"0":{"dtype":"number","min":100.37419063107978,"max":1174.8554858493435},"1":{"dtype":"number","min":28.557559239725194,"max":526.185376683098},"2":{"dtype":"number","min":105.05388905566028,"max":1213.3598015336213},"3":{"dtype":"number","min":23.74217040065662,"max":468.80461316535457},"4":{"dtype":"number","min":95.89813469912755,"max":1208.4535667330376},"5":{"dtype":"number","min":24.09581807058609,"max":488.35462340121137},"6":{"dtype":"number","min":113.52618621944919,"max":1160.4699536037817},"7":{"dtype":"number","min":29.68200731091926,"max":492.39600725582136},"8":{"dtype":"number","min":-20.35564392921062,"max":1195.6444429033927},"9":{"dtype":"number","min":28.46183616549125,"max":502.15865812784045},"10":{"dtype":"number","min":118.0631407503952,"max":1080.4534232885458},"11":{"dtype":"number","min":40.945083410359544,"max":746.8063613357247},"12":{"dtype":"number","min":80.06498878568064,"max":1193.4163462123056},"13":{"dtype":"number","min":66.80676222033074,"max":776.8531137904304},"14":{"dtype":"number","min":146.6836832840619,"max":1187.7424382903698},"15":{"dtype":"number","min":59.64248122872084,"max":1060.5801139861228},"16":{"dtype":"number","min":55.34276702524623,"max":1166.6355968430814},"17":{"dtype":"number","min":47.934602136277974,"max":1084.5030750319188},"18":{"dtype":"number","min":142.28949660364293,"max":1141.2559581712062},"19":{"dtype":"number","min":41.19534669868678,"max":1035.5751741758115},"20":{"dtype":"number","min":25.120559276773776,"max":1061.2904292600163},"21":{"dtype":"number","min":45.68615675158074,"max":1051.0968359564993},"22":{"dtype":"number","min":115.10026983713826,"max":1100.4542393072106},"23":{"dtype":"number","min":140.010476197714,"max":1256.817789396887},"24":{"dtype":"number","min":88.28945234128011,"max":1117.2140495804963},"25":{"dtype":"number","min":64.82270830800095,"max":1262.836580150322},"26":{"dtype":"number","min":162.2912514534442,"max":1216.7445282101166},"27":{"dtype":"number","min":25.093881406672736,"max":779.3875570928076},"28":{"dtype":"number","min":38.804406785779435,"max":1161.7133162086577},"29":{"dtype":"number","min":78.81885905581228,"max":775.996276380487},"30":{"dtype":"number","min":108.51234035269295,"max":1702.9725204052165},"31":{"dtype":"number","min":208.12362065296693,"max":988.7414975889926},"32":{"dtype":"number","min":42.01227032256962,"max":1708.8737232490273},"33":{"dtype":"number","min":215.61556496230546,"max":982.6839661357003}},"outputs":{"0":{"dtype":"number","min":1,"max":2}},"isNormalized":true}