{"inputUnits":[34],"outputUnits":4,"inputs":{"0":{"dtype":"number","min":335.8766085257326,"max":392.2406724269288},"1":{"dtype":"number","min":43.22878262412223,"max":103.75320850179352},"2":{"dtype":"number","min":345.16277149957443,"max":402.46632943357474},"3":{"dtype":"number","min":33.04039921742006,"max":97.1448347633451},"4":{"dtype":"number","min":326.7473545890838,"max":383.8799288857308},"5":{"dtype":"number","min":33.23982030965011,"max":92.2292164605879},"6":{"dtype":"number","min":360.4284811947596,"max":418.35642892562925},"7":{"dtype":"number","min":47.04947089406767,"max":104.35586060995257},"8":{"dtype":"number","min":316.0468470354488,"max":369.16594271529976},"9":{"dtype":"number","min":46.26286963080618,"max":103.89844129985408},"10":{"dtype":"number","min":380.78419013709873,"max":438.9884973221716},"11":{"dtype":"number","min":93.47973062834387,"max":163.0797591747477},"12":{"dtype":"number","min":302.34737054847096,"max":356.47652844974505},"13":{"dtype":"number","min":94.73025785809824,"max":165.0130881224161},"14":{"dtype":"number","min":400.3329110052799,"max":528.7743570646887},"15":{"dtype":"number","min":95.4682619562409,"max":182.31700615196377},"16":{"dtype":"number","min":216.149092499848,"max":315.48614680071285},"17":{"dtype":"number","min":90.16020897297545,"max":180.44460905201242},"18":{"dtype":"number","min":358.9654935844214,"max":616.9037542083385},"19":{"dtype":"number","min":75.30179331738663,"max":157.10023546033332},"20":{"dtype":"number","min":160.20600248403588,"max":384.93639044260703},"21":{"dtype":"number","min":84.38269351706896,"max":154.33611621188746},"22":{"dtype":"number","min":371.7588206487871,"max":418.2965182886977},"23":{"dtype":"number","min":234.05289111898105,"max":309.03045535551433},"24":{"dtype":"number","min":320.3777850555539,"max":361.93785077403027},"25":{"dtype":"number","min":239.0085412185016,"max":311.82464421491215},"26":{"dtype":"number","min":387.8455136072775,"max":497.93953268444494},"27":{"dtype":"number","min":297.60459335861503,"max":385.7273276956165},"28":{"dtype":"number","min":261.1071231114725,"max":365.6762950615196},"29":{"dtype":"number","min":285.6489295811041,"max":376.6892275086637},"30":{"dtype":"number","min":365.5229507624407,"max":507.26226094167987},"31":{"dtype":"number","min":358.22746352926765,"max":513.5988608037452},"32":{"dtype":"number","min":274.43768631159566,"max":398.5008953517513},"33":{"dtype":"number","min":356.4565654116382,"max":488.7409409103691}},"outputs":{"0":{"dtype":"string","min":0,"max":1,"uniqueValues":["warrior","tree","godness","t-pose"],"legend":{"warrior":[1,0,0,0],"tree":[0,1,0,0],"godness":[0,0,1,0],"t-pose":[0,0,0,1]}}},"isNormalized":true}