{"inputUnits":[34],"outputUnits":4,"inputs":{"0":{"dtype":"number","min":100.37419063107978,"max":2773.376035460238},"1":{"dtype":"number","min":28.557559239725194,"max":973.1304575404304},"2":{"dtype":"number","min":105.05388905566028,"max":2836.5237737870866},"3":{"dtype":"number","min":23.74217040065662,"max":900.2544496291341},"4":{"dtype":"number","min":95.89813469912755,"max":2667.005585785506},"5":{"dtype":"number","min":24.09581807058609,"max":880.8697106031127},"6":{"dtype":"number","min":113.52618621944919,"max":2979.2185980058366},"7":{"dtype":"number","min":29.68200731091926,"max":997.0686576635455},"8":{"dtype":"number","min":-20.35564392921062,"max":2607.598764857429},"9":{"dtype":"number","min":28.46183616549125,"max":981.1634640229813},"10":{"dtype":"number","min":118.0631407503952,"max":2887.541511505958},"11":{"dtype":"number","min":40.945083410359544,"max":1294.362184992096},"12":{"dtype":"number","min":80.06498878568064,"max":2636.2046240424365},"13":{"dtype":"number","min":66.80676222033074,"max":1263.9395547710965},"14":{"dtype":"number","min":146.6836832840619,"max":2928.1222375060797},"15":{"dtype":"number","min":59.64248122872084,"max":1528.8491058943337},"16":{"dtype":"number","min":55.34276702524623,"max":2582.7088067318214},"17":{"dtype":"number","min":47.934602136277974,"max":1507.938045279061},"18":{"dtype":"number","min":131.5560080383538,"max":2850.1446832441634},"19":{"dtype":"number","min":41.19534669868678,"max":1561.4798341743676},"20":{"dtype":"number","min":25.120559276773776,"max":2622.6751704234557},"21":{"dtype":"number","min":45.68615675158074,"max":1575.480212259849},"22":{"dtype":"number","min":115.10026983713826,"max":2819.6016821954036},"23":{"dtype":"number","min":140.010476197714,"max":1959.3793318336575},"24":{"dtype":"number","min":88.28945234128011,"max":2744.028945388497},"25":{"dtype":"number","min":64.82270830800095,"max":1962.4150808608947},"26":{"dtype":"number","min":108.93111470144547,"max":2744.4789146096787},"27":{"dtype":"number","min":25.093881406672736,"max":2536.616742917072},"28":{"dtype":"number","min":38.804406785779435,"max":2715.0156772479936},"29":{"dtype":"number","min":78.81885905581228,"max":2522.9984325601895},"30":{"dtype":"number","min":108.51234035269295,"max":2648.320167155581},"31":{"dtype":"number","min":208.12362065296693,"max":3181.9229636581954},"32":{"dtype":"number","min":42.01227032256962,"max":2675.108930417072},"33":{"dtype":"number","min":215.61556496230546,"max":3181.4853401629375}},"outputs":{"0":{"dtype":"string","min":0,"max":1,"uniqueValues":["a","b","c","d"],"legend":{"a":[1,0,0,0],"b":[0,1,0,0],"c":[0,0,1,0],"d":[0,0,0,1]}}},"isNormalized":true}